,Product_name,Prices,Decription
0,"OnePlus 10 Pro 5G (Volcanic Black, 128 GB)","₹49,899",8 GB RAM | 128 GB ROM17.02 cm (6.7 inch) Display48MP Rear Camera | 32MP Front Camera5000 mAh Battery1 Year Manufacturer Warranty for Handset and 6 Months Warranty for In the Box Accessories
1,"vivo X60 (Midnight Black, 256 GB)","₹46,990",12 GB RAM | 256 GB ROM16.66 cm (6.56 inch) Full HD+ Display48MP + 13MP + 13MP | 32MP Front Camera4300 mAh Lithium-ion BatteryQualcomm Snapdragon 870 ProcessorAMOLED Display1 Year for Handset and 6 Months for In-box Accessories
2,"vivo X70 Pro (Cosmic Black, 256 GB)","₹45,990",8 GB RAM | 256 GB ROM16.66 cm (6.56 inch) Full HD+ Display50MP + 12MP + 12MP + 8MP | 32MP Front Camera4450 mAh BatteryMediaTek Dimensity 1200 Processor1 Year for Handset and 6 Months for In-box Accessories
3,"OPPO Reno8 Pro 5G (Glazed Black, 256 GB)","₹45,999",12 GB RAM | 256 GB ROM17.02 cm (6.7 inch) Full HD+ AMOLED Display50MP + 8MP + 2MP | 32MP Front Camera4500 mAh Lithium-ion Polymer BatteryMediatek Dimensity 8100 Max Processor1 Year Warranty for Phone and 6 Months Warranty for In-Box Accessories
4,"OPPO Reno8 Pro 5G (Glazed Green, 256 GB)","₹45,999",12 GB RAM | 256 GB ROM17.02 cm (6.7 inch) Full HD+ AMOLED Display50MP + 8MP + 2MP | 32MP Front Camera4500 mAh Lithium-ion Polymer BatteryMediatek Dimensity 8100 Max Processor1 Year Warranty for Phone and 6 Months Warranty for In-Box Accessories
5,"realme X50 Pro (Moss Green, 256 GB)","₹32,489",12 GB RAM | 256 GB ROM16.36 cm (6.44 inch) Full HD+ Display64MP + 12MP + 8MP + 2MP | 32MP + 8MP Dual Front Camera4200 mAh Battery5G PhoneQualcomm Snapdragon 865 Processor65W Superdart ChargeBrand Warranty of 1 Year Available for Mobile and 6 Months for Accessories
6,"Tecno Phantom V Flip 5G (Iconic Black, 256 GB)","₹49,999",8 GB RAM | 256 GB ROM17.53 cm (6.9 inch) Display64MP Rear Camera4000 mAh Battery12 Month Warranty
7,"APPLE iPhone 8 Plus (Gold, 64 GB)","₹49,900","64 GB ROM13.97 cm (5.5 inch) Retina HD Display12MP + 12MP | 7MP Front CameraA11 Bionic Chip with 64-bit Architecture, Neural Engine, Embedded M11 Motion Coprocessor ProcessorBrand Warranty of 1 Year"
8,"Mi 10T Pro (Cosmic Black, 128 GB)","₹47,999",8 GB RAM | 128 GB ROM16.94 cm (6.67 inch) Full HD+ Display108MP + 13MP + 5MP | 20MP Front Camera5000 mAh Li-ion Polymer BatteryQualcomm Snapdragon 865 Processor144Hz Intelligent AdaptiveSync Display33W Dual Split Flash Charge1 Year Manufacturer Warranty for Device and 6 Months Manufacturer Warranty for In-box Accessories
9,"OPPO Reno7 Pro 5G (Startrails Blue, 256 GB)","₹47,990",12 GB RAM | 256 GB ROM | Expandable Upto 7 GB16.51 cm (6.5 inch) Full HD+ AMOLED Display50MP + 8MP + 2MP | 32MP Front Camera4500 mAh Lithium-ion Polymer BatteryMediaTek Dimensity 1200-Max Processor65W SuperVOOC | OPPO Sony IMX766 Flagship Rear Camera SensorAircraft-Grade Shooting Star Design | OPPO Glow1 Year Warranty for Phone and 6 Months Warranty for In-Box Accessories
10,"OPPO Reno7 Pro 5G (Starlight Black, 256 GB)","₹47,990",12 GB RAM | 256 GB ROM16.51 cm (6.5 inch) Full HD+ AMOLED Display50MP + 8MP + 2MP | 32MP Front Camera4500 mAh Lithium-ion Polymer BatteryMediaTek Dimensity 1200-Max Processor65W SuperVOOC | OPPO Sony IMX766 Flagship Rear Camera SensorAircraft-Grade Shooting Star Design | OPPO Glow1 Year Warranty for Phone and 6 Months Warranty for In-Box Accessories
11,"APPLE iPhone 8 Plus (Silver, 64 GB)","₹49,900","64 GB ROM13.97 cm (5.5 inch) Retina HD Display12MP + 12MP | 7MP Front CameraA11 Bionic Chip with 64-bit Architecture, Neural Engine, Embedded M11 Motion Coprocessor ProcessorBrand Warranty of 1 Year"
12,"APPLE iPhone 8 Plus (Space Grey, 64 GB)","₹49,900","64 GB ROM13.97 cm (5.5 inch) Retina HD Display12MP + 12MP | 7MP Front CameraA11 Bionic Chip with 64-bit Architecture, Neural Engine, Embedded M11 Motion Coprocessor ProcessorBrand Warranty of 1 Year"
13,"APPLE iPhone 12 (Blue, 64 GB)","₹40,999","64 GB ROM15.49 cm (6.1 inch) Super Retina XDR Display12MP + 12MP | 12MP Front CameraA14 Bionic Chip with Next Generation Neural Engine ProcessorCeramic ShieldIndustry-leading IP68 Water ResistanceAll Screen OLED Display12MP TrueDepth Front Camera with Night Mode, 4K Dolby Vision HDR RecordingBrand Warranty for 1 Year"
14,"APPLE iPhone 12 (Black, 64 GB)","₹40,999","64 GB ROM15.49 cm (6.1 inch) Super Retina XDR Display12MP + 12MP | 12MP Front CameraA14 Bionic Chip with Next Generation Neural Engine ProcessorCeramic ShieldIndustry-leading IP68 Water ResistanceAll Screen OLED Display12MP TrueDepth Front Camera with Night Mode, 4K Dolby Vision HDR RecordingBrand Warranty for 1 Year"
15,"APPLE iPhone 12 (White, 64 GB)","₹41,999","64 GB ROM15.49 cm (6.1 inch) Super Retina XDR Display12MP + 12MP | 12MP Front CameraA14 Bionic Chip with Next Generation Neural Engine ProcessorCeramic ShieldIndustry-leading IP68 Water ResistanceAll Screen OLED Display12MP TrueDepth Front Camera with Night Mode, 4K Dolby Vision HDR RecordingBrand Warranty for 1 Year"
16,"Google Pixel 7 (Obsidian, 128 GB)","₹43,999",8 GB RAM | 128 GB ROM16.0 cm (6.3 inch) Full HD+ Display50MP + 12MP | 10.8MP Front Camera4270 mAh BatteryGoogle Tensor G2 Processor1 Year Domestic Warranty
17,"APPLE iPhone 12 (Green, 64 GB)","₹41,999","64 GB ROM15.49 cm (6.1 inch) Super Retina XDR Display12MP + 12MP | 12MP Front CameraA14 Bionic Chip with Next Generation Neural Engine ProcessorCeramic ShieldIndustry-leading IP68 Water ResistanceAll Screen OLED Display12MP TrueDepth Front Camera with Night Mode, 4K Dolby Vision HDR RecordingBrand Warranty for 1 Year"
18,"Google Pixel 7 (Snow, 128 GB)","₹43,999",8 GB RAM | 128 GB ROM16.0 cm (6.3 inch) Full HD+ Display50MP + 12MP | 10.8MP Front Camera4270 mAh BatteryGoogle Tensor G2 ProcessorNA
19,"Google Pixel 7 (Lemongrass, 128 GB)","₹43,999",8 GB RAM | 128 GB ROM16.0 cm (6.3 inch) Full HD+ Display50MP + 12MP | 10.8MP Front Camera4270 mAh BatteryGoogle Tensor G2 Processor1 Year Domestic Warranty
20,"OPPO Reno10 Pro 5G (Glossy Purple, 256 GB)","₹37,999",12 GB RAM | 256 GB ROM17.02 cm (6.7 inch) Full HD+ Display50MP + 32MP + 8MP | 32MP Front Camera4600 mAh BatterySnapdragon 778G 5G Processor1 Year Manufacturer Warranty for Phone and 6 Months Warranty for In the Box Accessories
21,"OPPO Reno10 Pro 5G (Silvery Grey, 256 GB)","₹37,999",12 GB RAM | 256 GB ROM17.02 cm (6.7 inch) Full HD+ Display50MP + 32MP + 8MP | 32MP Front Camera4600 mAh BatterySnapdragon 778G 5G Processor1 Year Manufacturer Warranty for Phone and 6 Months Warranty for In the Box Accessories
22,"APPLE iPhone 11 (White, 64 GB)","₹43,900",64 GB ROM15.49 cm (6.1 inch) Liquid Retina HD Display12MP + 12MP | 12MP Front CameraA13 Bionic Chip ProcessorBrand Warranty of 1 Year
23,"vivo V27 5G (Magic Blue, 256 GB)","₹36,999",12 GB RAM | 256 GB ROM17.22 cm (6.78 Inch) Full HD+ AMOLED Display50MP (OIS) + 8MP + 2MP | 50MP Front Camera4600 mAh BatteryMediatek Dimensity 7200 5G Processor1 Year Brand Warranty
24,"APPLE iPhone 11 (Black, 64 GB)","₹43,900",64 GB ROM15.49 cm (6.1 inch) Liquid Retina HD Display12MP + 12MP | 12MP Front CameraA13 Bionic Chip ProcessorBrand Warranty of 1 Year
25,"vivo V23 Pro 5G (Stardust Black, 256 GB)","₹34,888",12 GB RAM | 256 GB ROM16.66 cm (6.56 inch) Full HD+ Display108MP + 8MP + 2MP | 50MP + 8MP Dual Front Camera4300 mAh Lithium BatteryMediatek Dimensity 1200 Processor1 Year Manufacturer Warranty for Phone and 6 Months Warranty for In the Box Accessories
26,"vivo X80 (Urban Blue, 128 GB)","₹41,184",8 GB RAM | 128 GB ROM17.22 cm (6.78 inch) Full HD+ Display50MP + 12MP + 12MP | 32MP Front Camera4500 mAh Lithium BatteryMediatek Dimensity 9000 Processor1 Year on Handset and 6 Months on Accessories
27,"vivo X80 5G (Cosmic Black, 128 GB)","₹41,990",8 GB RAM | 128 GB ROM17.22 cm (6.78 inch) Display50MP Rear Camera4500 mAh Batterydomestic 1 Year on Handset and 6 Months on Accessories
28,"Samsung Galaxy S21 FE 5G with Snapdragon 888 (Navy, 128 GB)","₹44,999",8 GB RAM | 128 GB ROM16.26 cm (6.4 inch) Full HD+ Display12MP + 12MP + 8MP (OIS) | 32MP Front Camera4500 mAh Lithium-ion BatterySnapdragon 888 Processor1 Year Manufacturer Warranty for Device and 6 Months Manufacturer Warranty for In-Box Accessories
29,"vivo V27 Pro 5G (Noble Black, 256 GB)","₹43,990",12 GB RAM | 256 GB ROM17.22 cm (6.78 inch) Full HD+ Display50MP (OIS) + 8MP + 2MP | 50MP Front Camera4600 mAh BatteryMediatek Dimensity 8200 Processor1 Year Manufacturer Warranty for Phone and 6 Months Warranty for In the Box Accessories
30,"Samsung Galaxy S21 FE 5G with Snapdragon 888 (Lavender, 128 GB)","₹44,999",8 GB RAM | 128 GB ROM16.26 cm (6.4 inch) Full HD+ Display12MP + 12MP + 8MP (OIS) | 32MP Front Camera4500 mAh Lithium-ion BatterySnapdragon 888 Processor1 Year Manufacturer Warranty for Device and 6 Months Manufacturer Warranty for In-Box Accessories
31,"Samsung Galaxy S21 FE 5G with Snapdragon 888 (Olive, 128 GB)","₹44,999",8 GB RAM | 128 GB ROM16.26 cm (6.4 inch) Full HD+ Display12MP + 12MP + 8MP (OIS) | 32MP Front Camera4500 mAh Lithium-ion BatterySnapdragon 888 Processor1 Year Manufacturer Warranty for Device and 6 Months Manufacturer Warranty for In-Box Accessories
32,"Samsung Galaxy S21 FE 5G with Snapdragon 888 (Graphite, 128 GB)","₹44,999",8 GB RAM | 128 GB ROM16.26 cm (6.4 inch) Full HD+ Display12MP + 12MP + 8MP (OIS) | 32MP Front Camera4500 mAh Lithium-ion BatterySnapdragon 888 Processor1 Year Manufacturer Warranty for Device and 6 Months Manufacturer Warranty for In-Box Accessories
33,"SAMSUNG Galaxy A72 (Awesome Violet, 128 GB)","₹41,999",8 GB RAM | 128 GB ROM | Expandable Upto 1 TB17.02 cm (6.7 inch) Full HD+ Display64MP + 12MP + 8MP + 5MP | 32MP Front Camera5000 mAh Lithium-ion BatteryQualcomm Snapdragon 720G Processor1 Year Warranty Provided by the Manufacturer from Date of Purchase
34,"OnePlus 10R 5G (Forest Green, 256 GB)","₹42,999",12 GB RAM | 256 GB ROM17.02 cm (6.7 inch) Display50MP Rear Camera5000 mAh Battery12 months
35,"SAMSUNG Galaxy A73 5G (Awesome Gray, 128 GB)","₹41,999",8 GB RAM | 128 GB ROM | Expandable Upto 1 TB17.02 cm (6.7 inch) Full HD+ Display108MP + 12MP + 5MP + 5MP | 32MP Front Camera5000 mAh Li-ion BatteryQualcomm Snapdragon 778G Processor1 Year Manufacturer Warranty for Device and 6 Months Manufacturer Warranty for In-Box
36,"APPLE iPhone 11 (Purple, 64 GB)","₹43,900",64 GB ROM15.49 cm (6.1 inch) Liquid Retina HD Display12MP + 12MP | 12MP Front CameraA13 Bionic Chip ProcessorBrand Warranty of 1 Year
37,"APPLE iPhone 11 (Red, 64 GB)","₹43,900",64 GB ROM15.49 cm (6.1 inch) Liquid Retina HD Display12MP + 12MP | 12MP Front CameraA13 Bionic Chip ProcessorBrand Warranty of 1 Year
38,"realme X50 Pro (Moss Green, 128 GB)","₹29,899",8 GB RAM | 128 GB ROM16.36 cm (6.44 inch) Full HD+ Display64MP + 12MP + 8MP + 2MP | 32MP + 8MP Dual Front Camera4200 mAh Battery5G PhoneQualcomm Snapdragon 865 Processor65W Superdart ChargeBrand Warranty of 1 Year Available for Mobile and 6 Months for Accessories
39,"SAMSUNG Galaxy A73 5G (Awesome Mint, 256 GB)","₹44,999",8 GB RAM | 256 GB ROM | Expandable Upto 1 TB17.02 cm (6.7 inch) Full HD+ Display108MP + 12MP + 5MP + 5MP | 32MP Front Camera5000 mAh Li-ion BatteryQualcomm Snapdragon 778G Processor1 Year Manufacturer Warranty for Device and 6 Months Manufacturer Warranty for In-Box
40,"APPLE iPhone 7 Plus (Gold, 128 GB)","₹42,900",128 GB ROM13.94 cm (5.488 inch) Retina HD Display12MP + 12MP | 7MP Front CameraApple A10 Fusion 64-bit processor and Embedded M10 Motion Co-processorBrand Warranty of 1 Year
41,"vivo V29 5G (Red, 128 GB)","₹32,999",8 GB RAM | 128 GB ROM17.22 cm (6.78 inch) Full HD+ AMOLED Display50MP + 8MP + 2MP | 50MP Front Camera4600 mAh Battery778G Processor1 Year Manufacturer Warranty for Phone and 6 Months Warranty for In the Box Accessories
42,"vivo V29 5G (Blue, 256 GB)","₹36,999",12 GB RAM | 256 GB ROM17.22 cm (6.78 inch) Full HD+ AMOLED Display50MP + 8MP + 2MP | 50MP Front Camera4600 mAh Battery778G Processor1 Year Manufacturer Warranty for Phone and 6 Months Warranty for In the Box Accessories
43,"vivo V29 5G (Red, 256 GB)","₹36,999",12 GB RAM | 256 GB ROM17.22 cm (6.78 inch) Full HD+ AMOLED Display50MP + 8MP + 2MP | 50MP Front Camera4600 mAh Battery778G Processor1 Year Manufacturer Warranty for Phone and 6 Months Warranty for In the Box Accessories
44,"Google Pixel 7a (Charcoal, 128 GB)","₹39,999",8 GB RAM | 128 GB ROM15.49 cm (6.1 inch) Full HD+ Display64MP (OIS) + 13MP | 13MP Front Camera4300 mAh BatteryTensor G2 Processor1 Year Domestic Warranty
45,"vivo V29 Pro 5G (Black, 256 GB)","₹39,999",8 GB RAM | 256 GB ROM17.22 cm (6.78 inch) Full HD+ AMOLED Display50MP + 12MP + 8MP | 50MP Front Camera4600 mAh BatteryDimensity 8200 Processor1 Year Manufacturer Warranty for Phone and 6 Months Warranty for In the Box Accessories
46,"vivo V29 Pro 5G (Blue, 256 GB)","₹39,999",8 GB RAM | 256 GB ROM17.22 cm (6.78 inch) Full HD+ AMOLED Display50MP + 12MP + 8MP | 50MP Front Camera4600 mAh BatteryDimensity 8200 Processor1 Year Manufacturer Warranty for Phone and 6 Months Warranty for In the Box Accessories
47,"vivo V29 5G (Black, 256 GB)","₹36,999",12 GB RAM | 256 GB ROM17.22 cm (6.78 inch) Full HD+ AMOLED Display50MP + 8MP + 2MP | 50MP Front Camera4600 mAh Battery778G Processor1 Year Manufacturer Warranty for Phone and 6 Months Warranty for In the Box Accessories
48,"Google Pixel 7a (Snow, 128 GB)","₹39,999",8 GB RAM | 128 GB ROM15.49 cm (6.1 inch) Full HD+ Display64MP (OIS) + 13MP | 13MP Front Camera4300 mAh BatteryTensor G2 Processor1 Year Domestic Warranty
49,"Google Pixel 7a (Sea, 128 GB)","₹39,999",8 GB RAM | 128 GB ROM15.49 cm (6.1 inch) Full HD+ Display64MP (OIS) + 13MP | 13MP Front Camera4300 mAh BatteryTensor G2 Processor1 Year Domestic Warranty
50,"Nothing Phone (2) (White, 128 GB)","₹39,999",8 GB RAM | 128 GB ROM17.02 cm (6.7 inch) Full HD+ Display50 MP(OIS) +50MP | 32MP Front Camera4700 mAh Lithium ion BatteryQualcomm Snapdragon 8+ Gen 1 ProcessorLTPO AMOLED (1 Hz - 120 Hz)1 Year Manufacturing Warranty
51,"Google Pixel 7a (Coral, 128 GB)","₹39,999",8 GB RAM | 128 GB ROM15.49 cm (6.1 inch) Full HD+ Display64MP (OIS) + 13MP | 13MP Front Camera4300 mAh BatteryTensor G2 Processor1 Year Domestic Warranty
52,"SAMSUNG Galaxy S21 FE 5G (Olive Green, 128 GB)","₹39,999",8 GB RAM | 128 GB ROM16.26 cm (6.4 inch) Full HD+ Display12MP + 12MP + 8MP (OIS) | 32MP Front Camera4500 mAh Lithium-ion Battery1 Year Manufacturer Warranty for Device and 6 Months Manufacturer Warranty for In-Box Accessories
53,"vivo V27 5G (Noble Black, 128 GB)","₹32,999",8 GB RAM | 128 GB ROM17.22 cm (6.78 Inch) Full HD+ AMOLED Display50MP (OIS) + 8MP + 2MP | 50MP Front Camera4600 mAh BatteryMediatek Dimensity 7200 5G Processor1 Year Brand Warranty
54,"Honor 90 5G (Midnight Black, 512 GB)","₹33,999",12 GB RAM | 512 GB ROM17.02 cm (6.7 inch) Display200MP Rear Camera5000 mAh Battery1 year manufacturer warranty for handset & 6 months for accessories
55,"Honor 90 5G (Diamond Silver, 256 GB)","₹31,999",8 GB RAM | 256 GB ROM17.02 cm (6.7 inch) Display200MP Rear Camera5000 mAh Battery1 year manufacturer warranty for handset & 6 months for accessories
56,"vivo V27 5G (Magic Blue, 128 GB)","₹30,275",8 GB RAM | 128 GB ROM17.22 cm (6.78 Inch) Full HD+ AMOLED Display50MP (OIS) + 8MP + 2MP | 50MP Front Camera4600 mAh BatteryMediatek Dimensity 7200 5G Processor1 Year Brand Warranty
57,"IQOO Neo 7 Pro (Dark Strom, 128 GB)","₹34,999",8 GB RAM | 128 GB ROM17.22 cm (6.78 inch) Display50MP Rear Camera5000 mAh BatteryDomestic 1 Year of Device & 6 Months for In-Box Accessories
58,"OnePlus Nord 3 5G (Misty Green, 256 GB)","₹37,820",16 GB RAM | 256 GB ROM17.12 cm (6.74 inch) Display50MP Rear Camera5000 mAh BatteryDomestic 1 Year of Device & 6 Months for In-Box Accessories
59,"SAMSUNG Galaxy S21 FE 5G (Graphite, 128 GB)","₹39,999",8 GB RAM | 128 GB ROM16.26 cm (6.4 inch) Full HD+ Display12MP + 12MP + 8MP (OIS) | 32MP Front Camera4500 mAh Lithium-ion Battery1 Year Manufacturer Warranty for Device and 6 Months Manufacturer Warranty for In-Box Accessories
60,"OnePlus 10R (Forest Green, 128 GB)","₹30,990",8 GB RAM | 128 GB ROM17.02 cm (6.7 inch) Display50MP Rear Camera | 16MP Front Camera5000 mAh Battery1 Year Manufacturer Warranty for Handset and 6 Months Warranty for In the Box Accessories
61,"SAMSUNG Galaxy A54 5G (Awesome Graphite, 128 GB)","₹36,999","8 GB RAM | 128 GB ROM | Expandable Upto 1 TB16.26 cm (6.4 inch) Full HD+ Display50MP + 12MP + 5MP | 32MP Front Camera5000 mAh BatteryExynos 1380, Octa Core Processor1 Year Manufacturer Warranty for Device and 6 Months Manufacturer Warranty for In-Box Accessories"
62,"vivo V27 5G (Magic Blue, 256 GB)","₹36,999",12 GB RAM | 256 GB ROM17.22 cm (6.78 Inch) Full HD+ AMOLED Display50MP (OIS) + 8MP + 2MP | 50MP Front Camera4600 mAh BatteryMediatek Dimensity 7200 5G Processor1 Year Brand Warranty
63,"SAMSUNG Galaxy A54 5G (Awesome Violet, 256 GB)","₹38,999","8 GB RAM | 256 GB ROM | Expandable Upto 1 TB16.26 cm (6.4 inch) Full HD+ Display50MP + 12MP + 5MP | 32MP Front Camera5000 mAh BatteryExynos 1380, Octa Core Processor1 Year Manufacturer Warranty for Device and 6 Months Manufacturer Warranty for In-Box Accessories"
64,"IQOO neo 7 pro (Fearless Flame, 128 GB)","₹37,990",8 GB RAM | 128 GB ROM17.2 cm (6.77 inch) Display50MP Rear Camera5000 mAh Battery1 year
65,"SAMSUNG Galaxy A54 5G (Awesome Lime, 256 GB)","₹38,999","8 GB RAM | 256 GB ROM | Expandable Upto 1 TB16.26 cm (6.4 inch) Full HD+ Display50MP + 12MP + 5MP | 32MP Front Camera5000 mAh BatteryExynos 1380, Octa Core Processor1 Year Manufacturer Warranty for Device and 6 Months Manufacturer Warranty for In-Box Accessories"
66,"vivo V27 Pro 5G (Magic Blue, 128 GB)","₹36,990",8 GB RAM | 128 GB ROM17.22 cm (6.78 inch) Full HD+ Display50MP (OIS) + 8MP + 2MP | 50MP Front Camera4600 mAh BatteryMediatek Dimensity 8200 Processor1 Year Manufacturer Warranty for Phone and 6 Months Warranty for In the Box Accessories
67,"vivo X80 (Cosmic Black, 128 GB)","₹39,990",8 GB RAM | 128 GB ROM17.22 cm (6.78 inch) Full HD+ Display50MP + 12MP + 12MP | 32MP Front Camera4500 mAh Lithium BatteryMediatek Dimensity 9000 Processor1 Year on Handset and 6 Months on Accessories
68,"Nothing Phone (2) (Dark Grey, 128 GB)","₹39,999",8 GB RAM | 128 GB ROM17.02 cm (6.7 inch) Full HD+ Display50 MP(OIS) +50MP | 32MP Front Camera4700 mAh Lithium ion BatteryQualcomm Snapdragon 8+ Gen 1 ProcessorLTPO AMOLED (1 Hz - 120 Hz)1 Year Manufacturing Warranty
69,"vivo V27 Pro 5G (Magic Blue, 256 GB)","₹39,999",8 GB RAM | 256 GB ROM17.22 cm (6.78 inch) Full HD+ Display50MP (OIS) + 8MP + 2MP | 50MP Front Camera4600 mAh BatteryMediatek Dimensity 8200 Processor1 Year Manufacturer Warranty for Phone and 6 Months Warranty for In the Box Accessories
70,"SAMSUNG Galaxy A54 5G (Awesome Graphite, 256 GB)","₹38,999","8 GB RAM | 256 GB ROM | Expandable Upto 1 TB16.26 cm (6.4 inch) Full HD+ Display50MP + 12MP + 5MP | 32MP Front Camera5000 mAh BatteryExynos 1380, Octa Core Processor1 Year Manufacturer Warranty for Device and 6 Months Manufacturer Warranty for In-Box Accessories"
71,"SAMSUNG Galaxy A54 5G (Awesome Violet, 128 GB)","₹36,999","8 GB RAM | 128 GB ROM | Expandable Upto 1 TB16.26 cm (6.4 inch) Full HD+ Display50MP + 12MP + 5MP | 32MP Front Camera5000 mAh BatteryExynos 1380, Octa Core Processor1 Year Manufacturer Warranty for Device and 6 Months Manufacturer Warranty for In-Box Accessories"
72,"vivo V23 Pro 5G (Stardust Black, 128 GB)","₹29,349",8 GB RAM | 128 GB ROM | Expandable Upto 12 GB16.66 cm (6.56 inch) Full HD+ Display108MP + 8MP + 2MP | 50MP + 8MP Dual Front Camera4300 mAh Lithium BatteryMediatek Dimensity 1200 Processor1 Year Manufacturer Warranty for Phone and 6 Months Warranty for In the Box Accessories
73,"Nothing Phone (2) (Dark Grey, 128 GB)","₹39,999",8 GB RAM | 128 GB ROM17.02 cm (6.7 inch) Full HD+ Display50 MP(OIS) +50MP | 32MP Front Camera4700 mAh Lithium ion BatteryQualcomm Snapdragon 8+ Gen 1 ProcessorLTPO AMOLED (1 Hz - 120 Hz)1 Year Manufacturing Warranty
74,"OPPO Reno8T 5G (Midnight Black, 128 GB)","₹29,999",8 GB RAM | 128 GB ROM | Expandable Upto 1 TB17.02 cm (6.7 inch) Full HD+ Display108MP + 2MP + 2MP | 32MP Front Camera4800 mAh Lithium-ion Polymer BatteryQualcomm Snapdragon 695 Processor67W SUPERVOOC TM Charger I Dual Stereo Speakers120Hz 3D Curved AMOLED Screen1 Year on Handset and 6 Months on Accessories
75,"IQOO neo 7 pro (Fearless Flame, 128 GB)","₹37,990",8 GB RAM | 128 GB ROM17.2 cm (6.77 inch) Display50MP Rear Camera5000 mAh Battery1 year
76,"IQOO Neo 7 5G (Frost Blue, 256 GB)","₹33,999",12 GB RAM | 256 GB ROM17.22 cm (6.78 inch) Display64MP Rear Camera5000 mAh Battery12 Months domestic warranty
77,"Honor 90 5G (Emerald Green, 512 GB)","₹34,998",12 GB RAM | 512 GB ROM17.02 cm (6.7 inch) Display200MP Rear Camera5000 mAh Battery1 year manufacturer warranty for handset & 6 months for accessories
78,"IQOO Neo 7 pro (Fearless Flame, 256 GB)","₹39,990",12 GB RAM | 256 GB ROM17.22 cm (6.78 inch) Display50MP Rear Camera5000 mAh BatteryDomestic 1 Year of Device & 6 Months for In-Box Accessories
79,"SAMSUNG Galaxy A54 5G (Awesome White, 256 GB)","₹38,999","8 GB RAM | 256 GB ROM | Expandable Upto 1 TB16.26 cm (6.4 inch) Full HD+ Display50MP + 12MP + 5MP | 32MP Front Camera5000 mAh BatteryExynos 1380, Octa Core Processor1 Year Manufacturer Warranty for Device and 6 Months Manufacturer Warranty for In-Box Accessories"
80,"SAMSUNG Galaxy A53 (Awesome Blue, 256 GB)","₹34,999",8 GB RAM | 256 GB ROM | Expandable Upto 1 TB16.51 cm (6.5 inch) Full HD+ Display64MP + 12MP + 5MP + 5MP | 32MP Front Camera5000 mAh Lithium Ion BatteryExynos Octa Core Processor Processor1 Year Manufacturer Warranty for Device and 6 Months Manufacturer Warranty for In-Box
81,"OnePlus Nord 3 5G (Tempest Gray, 256 GB)","₹37,999",16 GB RAM | 256 GB ROM17.12 cm (6.74 inch) Display50MP Rear Camera5000 mAh BatteryDomestic 1 Year of Device & 6 Months for In-Box Accessories
82,"Tecno Phantom X2 5G Dual Curved AMOLED Display (Moonlight Silver, 256 GB)","₹37,999",8 GB RAM | 256 GB ROM17.27 cm (6.8 inch) Display64MP Rear Camera5160 mAh Battery12 months on smart phone & 6 months on accessories in the box domestic warranty
83,"SAMSUNG Galaxy A53 (Awesome Blue, 128 GB)","₹30,990",8 GB RAM | 128 GB ROM | Expandable Upto 1 TB16.51 cm (6.5 inch) Full HD+ Display64MP + 12MP + 5MP + 5MP | 32MP Front Camera5000 mAh Lithium Ion BatteryExynos Octa Core Processor Processor1 Year Manufacturer Warranty for Device and 6 Months Manufacturer Warranty for In-Box
84,"Tecno Phantom X2 5G Dual Curved AMOLED Display (Stardust Grey, 256 GB)","₹37,349",8 GB RAM | 256 GB ROM17.27 cm (6.8 inch) Display64MP Rear Camera5160 mAh Battery12 month on smart phone & 6 months on accessories in the box domestic warranty
85,"SAMSUNG Galaxy S21 FE 5G (Lavender, 128 GB)","₹39,999",8 GB RAM | 128 GB ROM16.26 cm (6.4 inch) Full HD+ Display12MP + 12MP + 8MP (OIS) | 32MP Front Camera4500 mAh Lithium-ion Battery5nm Exynos 2100 Processor1 Year Manufacturer Warranty for Device and 6 Months Manufacturer Warranty for In-Box Accessories
86,"OnePlus 10 Pro 5G (Volcanic Black, 128 GB)","₹48,949",8 GB RAM | 128 GB ROM17.02 cm (6.7 inch) Display48MP Rear Camera5000 mAh Battery1 Year Manufacturer Warranty for Handset and 6 Months Warranty for In the Box Accessories
87,"IQOO 9T 5G (LEGEND, 128 GB)","₹49,499",8 GB RAM | 128 GB ROM17.22 cm (6.78 inch) Display50MP Rear Camera4700 mAh Battery1 Year
88,"SAMSUNG Galaxy A73 5G (Awesome Gray, 256 GB)","₹49,490",8 GB RAM | 256 GB ROM | Expandable Upto 1 TB17.02 cm (6.7 inch) Full HD+ Display108MP + 12MP + 5MP + 5MP | 32MP Front Camera5000 mAh Li-ion BatteryQualcomm Snapdragon 778G Processor1 Year Manufacturer Warranty for Device and 6 Months Manufacturer Warranty for In-Box
89,"OPPO Reno8 Pro 5G - House of The Dragon (House of The Dragon, 256 GB)","₹45,999",12 GB RAM | 256 GB ROM17.02 cm (6.7 inch) Full HD+ AMOLED Display50MP + 8MP + 2MP | 32MP Front Camera4500 mAh Lithium-ion Polymer BatteryMediatek Dimensity 8100 Max Processor1 Year Warranty for Phone and 6 Months Warranty for In-Box Accessories
90,"vivo V25 Pro 5G (Sailing Blue, 256 GB)","₹33,469",12 GB RAM | 256 GB ROM16.66 cm (6.56 inch) Full HD+ Display64MP + 8MP + 2MP | 32MP Front Camera4830 mAh Lithium BatteryMediatek Dimensity 1300 ProcessorColor Changing Fluorite AG Glass Design120 Hz 3D Curve Display1 Year on Handset and 6 Months on Accessories
91,"SAMSUNG Galaxy A52s 5G (Awesome Black, 128 GB)","₹40,999",8 GB RAM | 128 GB ROM | Expandable Upto 1 TB16.51 cm (6.5 inch) Full HD+ Display64MP + 12MP + 5MP + 5MP | 32MP Front Camera4500 mAh Li-ion BatteryQualcomm Snapdragon 778G Processor1 Year Manufacturer Warranty for Device and 6 Months Manufacturer Warranty for In-box Accessories
92,"SAMSUNG Galaxy A73 5G (Awesome White, 128 GB)","₹41,799",8 GB RAM | 128 GB ROM | Expandable Upto 1 TB17.02 cm (6.7 inch) Full HD+ Display108MP + 12MP + 5MP + 5MP | 32MP Front Camera5000 mAh Li-ion BatteryQualcomm Snapdragon 778G Processor1 Year Manufacturer Warranty for Device and 6 Months Manufacturer Warranty for In-Box
93,"OnePlus 7T Pro Mclaren Limited Edition (Papaya Orange, 256 GB)","₹44,990",12 GB RAM | 256 GB ROM16.94 cm (6.67 inch) Display48MP Rear Camera | 8MP Front Camera4085 mAh Battery1 year manufacturer warranty for device and 6 months manufacturer warranty for in-box accessories including batteries from the date of purchase
94,"OnePlus 11R 5G (Sonic Black, 128 GB)","₹38,611",8 GB RAM | 128 GB ROM17.02 cm (6.7 inch) Display50MP Rear Camera | 16MP Front Camera5000 mAh BatteryDomestic warranty of 12 months on phone & 6 months on accessories
95,"OnePlus 11R 5G (Sonic Black, 128 GB)","₹39,499",8 GB RAM | 128 GB ROM17.02 cm (6.7 inch) Display50MP Rear Camera5000 mAh BatteryDomestic warranty of 12 months on phone & 6 months on accessories
96,"SAMSUNG Galaxy A53 (Awesome Blue, 128 GB)","₹30,990",8 GB RAM | 128 GB ROM | Expandable Upto 1 TB16.51 cm (6.5 inch) Full HD+ Display64MP + 12MP + 5MP + 5MP | 32MP Front Camera5000 mAh Lithium Ion BatteryExynos Octa Core Processor Processor1 Year Manufacturer Warranty for Device and 6 Months Manufacturer Warranty for In-Box
97,"vivo V25 Pro 5G (Sailing Blue, 256 GB)","₹39,999",12 GB RAM | 256 GB ROM16.66 cm (6.56 inch) Full HD+ Display64MP + 8MP + 2MP | 32MP Front Camera4830 mAh Lithium BatteryMediatek Dimensity 1300 ProcessorColor Changing Fluorite AG Glass Design120 Hz 3D Curve Display1 Year on Handset and 6 Months on Accessories
98,"Mi 10T (Cosmic Black, 128 GB)","₹35,999",6 GB RAM | 128 GB ROM16.94 cm (6.67 inch) Full HD+ Display64MP + 13MP + 5MP | 20MP Front Camera5000 mAh Li-ion Polymer BatteryQualcomm Snapdragon 865 Processor144Hz Intelligent AdaptiveSync Display33W Dual Split Flash Charge1 Year Manufacturer Warranty for Device and 6 Months Manufacturer Warranty for In-box Accessories
99,"realme GT NEO 2 (NEO Blue, 256 GB)","₹35,999",12 GB RAM | 256 GB ROM16.81 cm (6.62 inch) Full HD+ Display64MP + 8MP + 2MP | 16MP Front Camera5000 mAh BatteryQualcomm Snapdragon 870 Processor1 Year Warranty for Mobile and 6 Months for Accessories
100,"Mi 10T (Cosmic Black, 128 GB)","₹23,999",8 GB RAM | 128 GB ROM16.94 cm (6.67 inch) Full HD+ Display64MP + 13MP + 5MP | 20MP Front Camera5000 mAh Li-ion Polymer BatteryQualcomm Snapdragon 865 Processor144Hz Intelligent AdaptiveSync Display33W Dual Split Flash Charge1 Year Manufacturer Warranty for Device and 6 Months Manufacturer Warranty for In-box Accessories
101,"vivo V25 Pro 5G (Sailing Blue, 128 GB)","₹28,880",8 GB RAM | 128 GB ROM16.66 cm (6.56 inch) Full HD+ Display64MP + 8MP + 2MP | 32MP Front Camera4830 mAh Lithium BatteryMediatek Dimensity 1300 ProcessorColor Changing Fluorite AG Glass Design120 Hz 3D Curve Display1 Year on Handset and 6 Months on Accessories
102,"IQOO Neo 7 (Frost Blue, 256 GB)","₹36,990",12 GB RAM | 256 GB ROM17.22 cm (6.78 inch) Full HD+ Display64MP + 2MP + 2MP | 16MP + 16MP Dual Front Camera5000 mAh BatteryMediatek Dimensity 8200 (4 nm) Processor1 Year Brand Warranty
103,"vivo X50 (Glaze Black, 256 GB)","₹37,990",8 GB RAM | 256 GB ROM16.66 cm (6.56 inch) Full HD+ E3 Super AMOLED Display48MP + 13MP + 8MP + 5MP | 32MP Front Camera4200 mAh Lithium-ion BatteryQualcomm Snapdragon 730 Processor33W Vivo FlashCharge 2.01 Year for Handset and 6 Months for In-box Accessories
104,"OnePlus 10R 5G (Sierra Black, 256 GB)","₹39,990",12 GB RAM | 256 GB ROM17.02 cm (6.7 inch) Display50MP Rear Camera4500 mAh Battery1 Year Manufacturer Warranty for Handset and 6 Months Warranty for In the Box Accessories
105,"Honor 90 5G (Emerald Green, 256 GB)","₹37,999",8 GB RAM | 256 GB ROM17.02 cm (6.7 inch) Display200MP Rear Camera5000 mAh Battery1 year manufacturer warranty for handset & 6 months for accessories
106,"realme GT Neo 3 (150W - Thor Limited Edition) (Nitro Blue, 256 GB)","₹36,999",12 GB RAM | 256 GB ROM17.02 cm (6.7 inch) Full HD+ Display50MP + 8MP + 2MP | 16MP Front Camera4500 mAh Lithium Ion BatteryMediatek Dimensity 8100 Processor1 Year Manufacturer Warranty for Phone and 6 Months Warranty for In-Box Accessories
107,"OnePlus 10R (Sierra Black, 128 GB)","₹37,990",8 GB RAM | 128 GB ROM17.02 cm (6.7 inch) Display50MP Rear Camera5000 mAh Battery1 Year Manufacturer Warranty for Handset and 6 Months Warranty for In the Box Accessories
108,"OPPO Reno5 Pro 5G (Starry Black, 128 GB)","₹35,990",8 GB RAM | 128 GB ROM16.64 cm (6.55 inch) Full HD+ Display64MP + 8MP + 2MP + 2MP | 32MP Front Camera4350 mAh Lithium-ion Polymer BatteryMediaTek Dimensity 1000+ (MT6889) Processor65W Super VOOC 2.0 Charging | ColorOS 11.1 (Based on Android 11)3D Borderless Sense Screen | AI Highlight Video (Ultra Night Video + Live HDR) | Super AMOLED DisplayBrand Warranty of 1 Year Available for Mobile Including Battery and 6 Months for Accessories
109,"SAMSUNG Galaxy A53 (Awesome Peach, 128 GB)","₹37,990",6 GB RAM | 128 GB ROM | Expandable Upto 1 TB16.51 cm (6.5 inch) Full HD+ Display64MP + 12MP + 5MP + 5MP | 32MP Front Camera5000 mAh Lithium Ion BatteryExynos Octa Core Processor Processor1 Year Manufacturer Warranty for Device and 6 Months Manufacturer Warranty for In-Box
110,"OPPO Reno5 Pro 5G (Astral Blue, 128 GB)","₹35,990",8 GB RAM | 128 GB ROM16.64 cm (6.55 inch) Full HD+ Display64MP + 8MP + 2MP + 2MP | 32MP Front Camera4350 mAh Lithium-ion Polymer BatteryMediaTek Dimensity 1000+ (MT6889) Processor65W Super VOOC 2.0 Charging | ColorOS 11.1 (Based on Android 11)3D Borderless Sense Screen | AI Highlight Video (Ultra Night Video + Live HDR) | Super AMOLED DisplayBrand Warranty of 1 Year Available for Mobile Including Battery and 6 Months for Accessories
111,"realme GT NEO 3 (150W) (Nitro Blue, 256 GB)","₹36,999",12 GB RAM | 256 GB ROM17.02 cm (6.7 inch) Full HD+ Display50MP + 8MP + 2MP | 16MP Front Camera4500 mAh Lithium Ion BatteryMediatek Dimensity 8100 Processor1 Year Manufacturer Warranty for Phone and 6 Months Warranty for In-Box Accessories
112,"SAMSUNG Galaxy S20+ (Cosmic Gray, 128 GB)","₹39,890",8 GB RAM | 128 GB ROM | Expandable Upto 1 TB17.02 cm (6.7 inch) Quad HD+ Display64 MP + 12 MP +12 MP + VGA Depth Camera | 10MP Front Camera4500 mAh Lithium-ion BatteryExynos 990 ProcessorSuper AMOLED Display1 Year Manufacturer Warranty for Phone and 6 Months Warranty for In the Box Accessories
113,"SAMSUNG Galaxy A53 (Awesome Black, 256 GB)","₹34,990",8 GB RAM | 256 GB ROM | Expandable Upto 1 TB16.51 cm (6.5 inch) Full HD+ Display64MP + 12MP + 5MP + 5MP | 32MP Front Camera5000 mAh Lithium Ion BatteryExynos Octa Core Processor Processor1 Year Manufacturer Warranty for Device and 6 Months Manufacturer Warranty for In-Box
114,"OnePlus 6 (Mirror Black, 128 GB)","₹37,999",8 GB RAM | 128 GB ROM15.95 cm (6.28 inch) Display20MP + 20MP + 16MP | 16MP Front Camera3300 mAh Battery1 Year Brand Warranty
115,"SAMSUNG Galaxy S20+ (Cloud Blue, 128 GB)","₹39,990",8 GB RAM | 128 GB ROM17.02 cm (6.7 inch) Display64MP Rear Camera4500 mAh BatteryDomestic 1 year on phone & 6 months on accessories
116,"vivo X21 (Black, 128 GB)","₹36,990",6 GB RAM | 128 GB ROM | Expandable Upto 256 GB15.95 cm (6.28 inch) Full HD+ Display12MP + 5MP | 12MP Front Camera3200 mAh Li-ion BatteryQualcomm Snapdragon 660 AIE ProcessorBrand Warranty of 1 Year Available for Mobile and 6 Months for Accessories
117,"IQOO 9 5G (Alpha, 256 GB)","₹35,990",12 GB RAM | 256 GB ROM16.66 cm (6.56 inch) Display48MP + 48MP + 13MP + 13MP | 16MP Front Camera4350 mAh Battery1 Year
118,"OnePlus 9 5G (Arctic Sky, 128 GB)","₹36,780",8 GB RAM | 128 GB ROM16.64 cm (6.55 inch) Display48MP Rear Camera4500 mAh Battery12 months
119,"Huawei P9 (Mystic Silver, 32 GB)","₹39,999",3 GB RAM | 32 GB ROM | Expandable Upto 128 GB13.21 cm (5.2 inch) Full HD Display12MP + 12MP | 8MP Front Camera3000 mAh BatteryHUAWEI Kirin 955 ARM Cortex-A72 64-bit + ARM Cortex-A53 64-bit ProcessorBrand Warranty of 1 Year Available for Mobile and 6 Months for Accessories
120,"Huawei P9 (Mystic Silver, 32 GB)","₹39,999",3 GB RAM | 32 GB ROM | Expandable Upto 128 GB13.21 cm (5.2 inch) Full HD Display12MP + 12MP | 8MP Front Camera3000 mAh BatteryHUAWEI Kirin 955 ARM Cortex-A72 64-bit + ARM Cortex-A53 64-bit ProcessorBrand Warranty of 1 Year Available for Mobile and 6 Months for Accessories
121,"OnePlus 9 5G (Arctic Sky, 128 GB)","₹36,780",8 GB RAM | 128 GB ROM16.64 cm (6.55 inch) Display48MP Rear Camera4500 mAh Battery12 months
122,"IQOO 3 (Quantum Silver, 128 GB)","₹37,990","8 GB RAM | 128 GB ROM16.36 cm (6.44 inch) Full HD+ Display48MP + 13MP + 13MP + 2MP | 16MP Front Camera4440 mAh Li-ion BatteryQualcomm Snapdragon 865 ProcessorIn-Display Fingerprint Sensor, Monster Touch Buttons55 W Super Flash ChargeSuper AMOLED DisplayBrand Warranty of 1 Year Available for Mobile and Accessories"
123,"OPPO Reno6 Pro 5G (Aurora, 256 GB)","₹39,990",12 GB RAM | 256 GB ROM16.64 cm (6.55 inch) Full HD+ Display64MP + 8MP + 2MP + 2MP | 32MP Front Camera4500 mAh Lithium-ion Polymer BatteryMediaTek Dimensity 1200 Processor65W SuperVOOC 2.0 Charging3D Borderless ScreenBokeh Flare Portrait Video | AI Highlight Video | OPPO Reno Glow 2.0Brand Warranty of 1 Year Available for Mobile Including Battery and 6 Months for Accessories
124,"APPLE iPhone 8 (Gold, 64 GB)","₹39,900","64 GB ROM11.94 cm (4.7 inch) Retina HD Display12MP Rear Camera | 7MP Front CameraA11 Bionic Chip with 64-bit Architecture, Neural Engine, Embedded M11 Motion Coprocessor ProcessoriOS 13 CompatibleBrand Warranty of 1 Year"
125,"vivo V21 5G (Sunset Dazzle, 256 GB)","₹26,490",8 GB RAM | 256 GB ROM16.36 cm (6.44 inch) Full HD+ Display64MP + 8MP + 2MP | 44MP Front Camera4000 mAh Lithium-ion BatteryMediaTek Dimensity 800U ProcessorAMOLED Display1 Year for Handset and 6 Months for In-box Accessories
126,"realme GT NEO 3 (150W) (Asphalt Black, 256 GB)","₹36,999",12 GB RAM | 256 GB ROM17.02 cm (6.7 inch) Full HD+ Display50MP + 8MP + 2MP | 16MP Front Camera4500 mAh Lithium Ion BatteryMediatek Dimensity 8100 Processor1 Year Manufacturer Warranty for Phone and 6 Months Warranty for In-Box Accessories
127,"realme GT NEO 3 (150W) (Sprint White, 256 GB)","₹36,999",12 GB RAM | 256 GB ROM17.02 cm (6.7 inch) Full HD+ Display50MP + 8MP + 2MP | 16MP Front Camera4500 mAh Lithium Ion BatteryMediatek Dimensity 8100 Processor1 Year Manufacturer Warranty for Phone and 6 Months Warranty for In-Box Accessories
128,"realme GT NEO 3 (150W) (Nitro Blue, 256 GB)","₹36,999",12 GB RAM | 256 GB ROM17.02 cm (6.7 inch) Full HD+ Display50MP + 8MP + 2MP | 16MP Front Camera4500 mAh Lithium Ion BatteryMediatek Dimensity 8100 Processor1 Year Manufacturer Warranty for Phone and 6 Months Warranty for In-Box Accessories
129,"vivo X50 (Glaze Black, 256 GB)","₹37,990",8 GB RAM | 256 GB ROM16.66 cm (6.56 inch) Full HD+ E3 Super AMOLED Display48MP + 13MP + 8MP + 5MP | 32MP Front Camera4200 mAh Lithium-ion BatteryQualcomm Snapdragon 730 Processor33W Vivo FlashCharge 2.01 Year for Handset and 6 Months for In-box Accessories
130,"vivo T2x 5G (Glimmer Black, 128 GB)","₹14,999",8 GB RAM | 128 GB ROM16.71 cm (6.58 inch) Full HD+ Display50MP + 2MP | 8MP Front Camera5000 mAh BatteryDimensity 6020 Processor1 Year of Device & 6 Months for Inbox Accessories
131,"vivo T2x 5G (Aurora Gold, 128 GB)","₹14,999",8 GB RAM | 128 GB ROM16.71 cm (6.58 inch) Full HD+ Display50MP + 2MP | 8MP Front Camera5000 mAh BatteryDimensity 6020 Processor1 Year of Device & 6 Months for Inbox Accessories
132,"vivo T2x 5G (Glimmer Black, 128 GB)","₹12,999",6 GB RAM | 128 GB ROM16.71 cm (6.58 inch) Full HD+ Display50MP + 2MP | 8MP Front Camera5000 mAh BatteryDimensity 6020 Processor1 Year of Device & 6 Months for Inbox Accessories
133,"vivo T2x 5G (Aurora Gold, 128 GB)","₹12,999",6 GB RAM | 128 GB ROM16.71 cm (6.58 inch) Full HD+ Display50MP + 2MP | 8MP Front Camera5000 mAh BatteryDimensity 6020 Processor1 Year of Device & 6 Months for Inbox Accessories
134,"vivo T2x 5G (Marine Blue, 128 GB)","₹12,999",6 GB RAM | 128 GB ROM16.71 cm (6.58 inch) Full HD+ Display50MP + 2MP | 8MP Front Camera5000 mAh BatteryDimensity 6020 Processor1 Year of Device & 6 Months for Inbox Accessories
135,"vivo T2x 5G (Marine Blue, 128 GB)","₹11,999",4 GB RAM | 128 GB ROM16.71 cm (6.58 inch) Full HD+ Display50MP + 2MP | 8MP Front Camera5000 mAh BatteryDimensity 6020 Processor1 Year of Device & 6 Months for Inbox Accessories
136,"vivo T2x 5G (Glimmer Black, 128 GB)","₹11,999",4 GB RAM | 128 GB ROM16.71 cm (6.58 inch) Full HD+ Display50MP + 2MP | 8MP Front Camera5000 mAh BatteryDimensity 6020 Processor1 Year of Device & 6 Months for Inbox Accessories
137,"vivo T2x 5G (Aurora Gold, 128 GB)","₹11,999",4 GB RAM | 128 GB ROM16.71 cm (6.58 inch) Full HD+ Display50MP + 2MP | 8MP Front Camera5000 mAh BatteryDimensity 6020 Processor1 Year of Device & 6 Months for Inbox Accessories
138,"vivo T2x 5G (Marine Blue, 128 GB)","₹14,999",8 GB RAM | 128 GB ROM16.71 cm (6.58 inch) Full HD+ Display50MP + 2MP | 8MP Front Camera5000 mAh BatteryDimensity 6020 Processor1 Year of Device & 6 Months for Inbox Accessories
139,"REDMI 12C (Matte Black, 64 GB)","₹6,799",4 GB RAM | 64 GB ROM | Expandable Upto 1 TB17.04 cm (6.71 inch) HD+ Display50MP Rear Camera | 5MP Front Camera5000 mAh BatteryHelio G85 Processor1 Year Manufacturer Warranty for Phone and 6 Months Warranty for In the Box Accessories
140,"OnePlus Nord CE 2 Lite 5G (Blue Tide, 128 GB)","₹16,970",6 GB RAM | 128 GB ROM16.74 cm (6.59 inch) Display64MP Rear Camera | 16MP Front Camera5000 mAh Battery12 Months
141,"MOTOROLA Edge 40 Neo (Caneel Bay, 256 GB)","₹24,999",12 GB RAM | 256 GB ROM16.64 cm (6.55 inch) Full HD+ Display50MP + 13MP | 32MP Front Camera5000 mAh BatteryDimensity 7030 Processor1 Year on Handset and 6 Months on Accessories
142,"POCO C55 (Cool Blue, 128 GB)","₹7,799",6 GB RAM | 128 GB ROM | Expandable Upto 1 TB17.04 cm (6.71 inch) HD+ Display50MP Dual Rear Camera | 5MP Front Camera5000 mAh BatteryMediatek Helio G85 Processor1 Year Manufacturer Warranty for Phone and 6 Months Warranty for In the Box Accessories
143,"OnePlus Nord CE 2 Lite 5G (Black Dusk, 128 GB)","₹16,899",6 GB RAM | 128 GB ROM16.74 cm (6.59 inch) Display64MP Rear Camera | 16MP Front Camera5000 mAh Battery12 months
144,"POCO M6 Pro 5G (Power Black, 128 GB)","₹12,999",6 GB RAM | 128 GB ROM | Expandable Upto 1 TB17.25 cm (6.79 inch) Full HD+ Display50MP + 2MP | 8MP Front Camera5000 mAh BatterySnapdragon 4 Gen 2 Processor1 Year Manufacturer Warranty for Phone and 6 Months Warranty for In the Box Accessories
145,"POCO C55 (Cool Blue, 128 GB)","₹7,799",6 GB RAM | 128 GB ROM | Expandable Upto 1 TB17.04 cm (6.71 inch) HD+ Display50MP Dual Rear Camera | 5MP Front Camera5000 mAh BatteryMediatek Helio G85 Processor1 Year Manufacturer Warranty for Phone and 6 Months Warranty for In the Box Accessories
146,"MOTOROLA g54 5G (Pearl Blue, 128 GB)","₹14,999",8 GB RAM | 128 GB ROM | Expandable Upto 1 TB16.51 cm (6.5 inch) Full HD+ Display50MP (OIS) + 8MP | 16MP Front Camera6000 mAh BatteryDimensity 7020 Processor1 Year on Handset and 6 Months on Accessories
147,"MOTOROLA g14 (Pale Lilac, 128 GB)","₹8,499",4 GB RAM | 128 GB ROM | Expandable Upto 1 TB16.51 cm (6.5 inch) Full HD+ Display50MP + 2MP | 8MP Front Camera5000 mAh BatteryT616 ProcessorImmersive Stereo Speakers with Dolby Atmos1 Year on Handset and 6 Months on Accessories
148,"Infinix HOT 30i (Marigold, 64 GB)","₹7,499",4 GB RAM | 64 GB ROM | Expandable Upto 1 TB16.76 cm (6.6 inch) HD+ Display50MP + AI Lens | 5MP Front Camera5000 mAh BatteryG37 Processor1 Year on Handset and 6 Months on Accessories
149,"Infinix HOT 30i (Glacier Blue, 64 GB)","₹7,499",4 GB RAM | 64 GB ROM | Expandable Upto 1 TB16.76 cm (6.6 inch) HD+ Display50MP + AI Lens | 5MP Front Camera5000 mAh BatteryG37 Processor1 Year on Handset and 6 Months on Accessories
150,"Nokia 105 Single SIM, Keypad Mobile Phone with Wireless FM Radio","₹1,299",32 MB RAM | 32 MB ROM4.5 cm (1.77 inch) Display0MP | 0MP Front Camera1000 mAh BatterySC6531E Processor1 Year Replacement Warranty for Device and 6 Months Manufacturer Warranty for Inbox Accessories Including Battery from the Date of Purchase
151,"Nokia 105 Single SIM, Keypad Mobile Phone with Wireless FM Radio","₹1,299",32 MB RAM | 32 MB ROM4.5 cm (1.77 inch) Display0MP | 0MP Front Camera1000 mAh BatterySC6531E Processor1 Year Replacement Warranty for Device and 6 Months Manufacturer Warranty for Inbox Accessories Including Battery from the Date of Purchase
152,"Nokia 105 Single SIM, Keypad Mobile Phone with Wireless FM Radio","₹1,299",32 MB RAM | 32 MB ROM4.5 cm (1.77 inch) Display0MP | 0MP Front Camera1000 mAh BatterySC6531E Processor1 Year Replacement Warranty for Device and 6 Months Manufacturer Warranty for Inbox Accessories Including Battery from the Date of Purchase
153,"POCO M6 Pro 5G (Power Black, 128 GB)","₹11,999",4 GB RAM | 128 GB ROM | Expandable Upto 1 TB17.25 cm (6.79 inch) Full HD+ Display50MP + 2MP | 8MP Front Camera5000 mAh BatterySnapdragon 4 Gen 2 Processor1 Year Manufacturer Warranty for Phone and 6 Months Warranty for In the Box Accessories
154,"OnePlus Nord CE 3 Lite 5G (Pastel Lime, 256 GB)","₹21,749",8 GB RAM | 256 GB ROM17.07 cm (6.72 inch) Display108MP Rear Camera5000 mAh BatteryDomestic Warranty of 12 months on phone & 6 months on accessories
155,"Infinix HOT 30i (Diamond White, 128 GB)","₹8,299",8 GB RAM | 128 GB ROM | Expandable Upto 1 TB16.76 cm (6.6 inch) HD+ Display50MP + AI Lens | 5MP Front Camera5000 mAh BatteryG37 Processor1 Year on Handset and 6 Months on Accessories
156,"Infinix HOT 30i (Glacier Blue, 128 GB)","₹8,299",8 GB RAM | 128 GB ROM | Expandable Upto 1 TB16.76 cm (6.6 inch) HD+ Display50MP + AI Lens | 5MP Front Camera5000 mAh BatteryG37 Processor1 Year on Handset and 6 Months on Accessories
157,"Infinix HOT 30i (Marigold, 128 GB)","₹8,299",8 GB RAM | 128 GB ROM | Expandable Upto 1 TB16.76 cm (6.6 inch) HD+ Display50MP + AI Lens | 5MP Front Camera5000 mAh BatteryG37 Processor1 Year on Handset and 6 Months on Accessories
158,"Infinix HOT 30i (Mirror Black, 64 GB)","₹7,499",4 GB RAM | 64 GB ROM | Expandable Upto 1 TB16.76 cm (6.6 inch) HD+ Display50MP + AI Lens | 5MP Front Camera5000 mAh BatteryG37 Processor1 Year on Handset and 6 Months on Accessories
159,"Infinix HOT 30i (Diamond White, 64 GB)","₹7,499",4 GB RAM | 64 GB ROM | Expandable Upto 1 TB16.76 cm (6.6 inch) HD+ Display50MP + AI Lens | 5MP Front Camera5000 mAh BatteryG37 Processor1 Year on Handset and 6 Months on Accessories
160,"Infinix HOT 30i (Mirror Black, 128 GB)","₹8,299",8 GB RAM | 128 GB ROM | Expandable Upto 1 TB16.76 cm (6.6 inch) HD+ Display50MP + AI Lens | 5MP Front Camera5000 mAh BatteryG37 Processor1 Year on Handset and 6 Months on Accessories
161,"REDMI 12 (Jade Black, 128 GB)","₹9,499",4 GB RAM | 128 GB ROM | Expandable Upto 1 TB17.25 cm (6.79 inch) Full HD+ Display50MP + 8MP + 2MP | 8MP Front Camera5000 mAh BatteryHelio G88 Processor1 Year Manufacturer Warranty for Phone and 6 Months Warranty for in the Box Accessories
162,"POCO C51 (Royal Blue, 64 GB)","₹6,249",4 GB RAM | 64 GB ROM | Expandable Upto 1 TB16.56 cm (6.52 inch) HD+ Display8MP Dual Rear Camera | 5MP Front Camera5000 mAh BatteryHelio G36 Processor1 Year Manufacturer Warranty for Phone and 6 Months Warranty for in the Box Accessories
163,"MOTOROLA g14 (Sky Blue, 128 GB)","₹8,499",4 GB RAM | 128 GB ROM | Expandable Upto 1 TB16.51 cm (6.5 inch) Full HD+ Display50MP + 2MP | 8MP Front Camera5000 mAh BatteryT616 ProcessorImmersive Stereo Speakers with Dolby Atmos1 Year on Handset and 6 Months on Accessories
164,"SAMSUNG Galaxy F13 (Nightsky Green, 64 GB)","₹10,999",4 GB RAM | 64 GB ROM | Expandable Upto 1 TB16.76 cm (6.6 inch) Full HD+ Display50MP + 5MP + 2MP | 8MP Front Camera6000 mAh Lithium Ion BatteryExynos 850 Processor1 Year Warranty Provided By the Manufacturer from Date of Purchase
165,"REDMI 12 (Moonstone Silver, 128 GB)","₹9,499",4 GB RAM | 128 GB ROM | Expandable Upto 1 TB17.25 cm (6.79 inch) Full HD+ Display50MP + 8MP + 2MP | 8MP Front Camera5000 mAh BatteryHelio G88 Processor1 Year Manufacturer Warranty for Phone and 6 Months Warranty for in the Box Accessories
166,"MOTOROLA g14 (Butter Cream, 128 GB)","₹8,499",4 GB RAM | 128 GB ROM | Expandable Upto 1 TB16.51 cm (6.5 inch) Full HD+ Display50MP + 2MP | 8MP Front Camera5000 mAh BatteryT616 ProcessorImmersive Stereo Speakers with Dolby Atmos1 Year on Handset and 6 Months on Accessories
167,"realme C53 (Champion Black, 128 GB)","₹9,999",4 GB RAM | 128 GB ROM | Expandable Upto 2 TB17.12 cm (6.74 inch) HD Display108MP + 2MP | 8MP Front Camera5000 mAh BatteryT612 Processor1 Year Manufacturer Warranty for Phone and 6 Months Warranty for In the Box Accessories
168,"realme C51 (Mint Green, 64 GB)","₹8,999",4 GB RAM | 64 GB ROM | Expandable Upto 2 TB17.12 cm (6.74 inch) HD Display50MP + 0.08MP | 5MP Front Camera5000 mAh BatteryT612 Processor1 Year Manufacturer Warranty for Phone and 6 Months Warranty for In the Box Accessories
169,"realme C51 (Carbon Black, 64 GB)","₹8,999",4 GB RAM | 64 GB ROM | Expandable Upto 2 TB17.12 cm (6.74 inch) HD Display50MP + 0.08MP | 5MP Front Camera5000 mAh BatteryT612 Processor1 Year Manufacturer Warranty for Phone and 6 Months Warranty for In the Box Accessories
170,"MOTOROLA Edge 40 Neo (Soothing Sea, 128 GB)","₹22,999",8 GB RAM | 128 GB ROM16.64 cm (6.55 inch) Full HD+ Display50MP + 13MP | 32MP Front Camera5000 mAh BatteryDimensity 7030 Processor1 Year on Handset and 6 Months on Accessories
171,"REDMI 12 (Moonstone Silver, 128 GB)","₹10,999",6 GB RAM | 128 GB ROM | Expandable Upto 1 TB17.25 cm (6.79 inch) Full HD+ Display50MP + 8MP + 2MP | 8MP Front Camera5000 mAh BatteryHelio G88 Processor1 Year Manufacturer Warranty for Phone and 6 Months Warranty for in the Box Accessories
172,"realme C53 (Champion Gold, 64 GB)","₹9,999",6 GB RAM | 64 GB ROM | Expandable Upto 2 TB17.12 cm (6.74 inch) HD Display108MP + 2MP | 8MP Front Camera5000 mAh BatteryT612 Processor1 Year Manufacturer Warranty for Phone and 6 Months Warranty for In the Box Accessories
173,"realme C53 (Champion Black, 64 GB)","₹9,999",6 GB RAM | 64 GB ROM | Expandable Upto 2 TB17.12 cm (6.74 inch) HD Display108MP + 2MP | 8MP Front Camera5000 mAh BatteryT612 Processor1 Year Manufacturer Warranty for Phone and 6 Months Warranty for In the Box Accessories
174,"REDMI 12 (Pastel Blue, 128 GB)","₹10,999",6 GB RAM | 128 GB ROM | Expandable Upto 1 TB17.25 cm (6.79 inch) Full HD+ Display50MP + 8MP + 2MP | 8MP Front Camera5000 mAh BatteryHelio G88 Processor1 Year Manufacturer Warranty for Phone and 6 Months Warranty for in the Box Accessories
175,"MOTOROLA Edge 40 (Nebula Green, 256 GB)","₹26,999",8 GB RAM | 256 GB ROM16.51 cm (6.5 inch) Full HD+ Display50MP + 13MP | 32MP Front Camera4400 mAh BatteryDimensity 8020 ProcessorVegan Leather1 Year Handset and 6 Months Accessories
176,"realme C53 (Champion Gold, 128 GB)","₹9,999",4 GB RAM | 128 GB ROM | Expandable Upto 2 TB17.12 cm (6.74 inch) HD Display108MP + 2MP | 8MP Front Camera5000 mAh BatteryT612 Processor1 Year Manufacturer Warranty for Phone and 6 Months Warranty for In the Box Accessories
177,"SAMSUNG Galaxy F13 (Sunrise Copper, 64 GB)","₹10,999",4 GB RAM | 64 GB ROM | Expandable Upto 1 TB16.76 cm (6.6 inch) Full HD+ Display50MP + 5MP + 2MP | 8MP Front Camera6000 mAh Lithium Ion BatteryExynos 850 Processor1 Year Warranty Provided By the Manufacturer from Date of Purchase
178,"MOTOROLA g84 5G (Marshmallow Blue, 256 GB)","₹18,999",12 GB RAM | 256 GB ROM16.64 cm (6.55 inch) Full HD+ Display50MP (OIS) + 8MP | 16MP Front Camera5000 mAh BatterySnapdragon 695 Processor1 Year on Handset and 6 Months on Accessories
179,"POCO C51 - Locked with Airtel Prepaid (Royal Blue, 64 GB)","₹5,749",4 GB RAM | 64 GB ROM | Expandable Upto 1 TB16.56 cm (6.52 inch) HD+ Display8MP Dual Rear Camera | 5MP Front Camera5000 mAh BatteryHelio G36 Processor1 Year Manufacturer Warranty for Phone and 6 Months Warranty for in the Box Accessories
180,"MOTOROLA e13 (Aurora Green, 128 GB)","₹7,999",8 GB RAM | 128 GB ROM | Expandable Upto 1 TB16.51 cm (6.5 inch) HD+ Display13MP Rear Camera | 5MP Front Camera5000 mAh BatteryUnisoc T606 Processor1 Year on Handset and 6 Months on Accessories
181,"Infinix SMART 7 (Emerald Green, 128 GB)","₹7,299",4 GB RAM | 128 GB ROM | Expandable Upto 512 GB16.76 cm (6.6 inch) HD+ Display13MP + AI Lens | 5MP Front Camera6000 mAh BatteryUnisoc Spreadtrum SC9863A1 Processor1 Year on Handset and 6 Months on Accessories
182,"Infinix SMART 7 (Azure Blue, 128 GB)","₹7,299",4 GB RAM | 128 GB ROM | Expandable Upto 512 GB16.76 cm (6.6 inch) HD+ Display13MP + AI Lens | 5MP Front Camera6000 mAh BatteryUnisoc Spreadtrum SC9863A1 Processor1 Year on Handset and 6 Months on Accessories
183,"Infinix SMART 7 (Night Black, 64 GB)","₹6,999",4 GB RAM | 64 GB ROM | Expandable Upto 2 TB16.76 cm (6.6 inch) HD+ Display13MP + AI Lens | 5MP Front Camera6000 mAh BatteryUnisoc Spreadtrum SC9863A1 Processor1 Year on Handset and 6 Months on Accessories
184,"Infinix SMART 7 (Azure Blue, 64 GB)","₹6,999",4 GB RAM | 64 GB ROM | Expandable Upto 2 TB16.76 cm (6.6 inch) HD+ Display13MP + AI Lens | 5MP Front Camera6000 mAh BatteryUnisoc Spreadtrum SC9863A1 Processor1 Year on Handset and 6 Months on Accessories
185,"Infinix SMART 7 (Night Black, 128 GB)","₹7,299",4 GB RAM | 128 GB ROM | Expandable Upto 512 GB16.76 cm (6.6 inch) HD+ Display13MP + AI Lens | 5MP Front Camera6000 mAh BatteryUnisoc Spreadtrum SC9863A1 Processor1 Year on Handset and 6 Months on Accessories
186,"POCO M6 Pro 5G (Forest Green, 128 GB)","₹11,999",4 GB RAM | 128 GB ROM | Expandable Upto 1 TB17.25 cm (6.79 inch) Full HD+ Display50MP + 2MP | 8MP Front Camera5000 mAh BatterySnapdragon 4 Gen 2 Processor1 Year Manufacturer Warranty for Phone and 6 Months Warranty for In the Box Accessories
187,"REDMI 12C (Lavender Purple, 64 GB)","₹6,799",4 GB RAM | 64 GB ROM | Expandable Upto 1 TB17.04 cm (6.71 inch) HD+ Display50MP Rear Camera | 5MP Front Camera5000 mAh BatteryHelio G85 Processor1 Year Manufacturer Warranty for Phone and 6 Months Warranty for In the Box Accessories
188,"Infinix Note 30 5G (Interstellar Blue, 256 GB)","₹14,999",8 GB RAM | 256 GB ROM | Expandable Upto 2 TB17.22 cm (6.78 inch) Full HD+ Display108 MP + 2 MP+ AI Lens | 16MP Front Camera5000 mAh Li-ion Polymer BatteryDimensity 6080 Processor1 Year on Handset and 6 Months on Accessories
189,"Infinix Note 30 5G (Magic Black, 256 GB)","₹14,999",8 GB RAM | 256 GB ROM | Expandable Upto 2 TB17.22 cm (6.78 inch) Full HD+ Display108 MP + 2 MP+ AI Lens | 16MP Front Camera5000 mAh Li-ion Polymer BatteryDimensity 6080 Processor1 Year on Handset and 6 Months on Accessories
190,"Infinix Note 30 5G (Sunset Gold, 256 GB)","₹14,999",8 GB RAM | 256 GB ROM | Expandable Upto 2 TB17.22 cm (6.78 inch) Full HD+ Display108 MP + 2 MP+ AI Lens | 16MP Front Camera5000 mAh Li-ion Polymer BatteryDimensity 6080 Processor1 Year on Handset and 6 Months on Accessories
191,"MOTOROLA Edge 40 Neo (Black Beauty, 256 GB)","₹24,999",12 GB RAM | 256 GB ROM16.64 cm (6.55 inch) Full HD+ Display50MP + 13MP | 32MP Front Camera5000 mAh BatteryDimensity 7030 Processor1 Year on Handset and 6 Months on Accessories
192,"Infinix Note 30 5G (Sunset Gold, 128 GB)","₹14,499",4 GB RAM | 128 GB ROM | Expandable Upto 2 TB17.22 cm (6.78 inch) Full HD+ Display108 MP + 2 MP+ AI Lens | 16MP Front Camera5000 mAh Li-ion Polymer BatteryDimensity 6080 Processor1 Year on Handset and 6 Months on Accessories
193,"realme C53 (Champion Black, 64 GB)","₹9,999",6 GB RAM | 64 GB ROM | Expandable Upto 2 TB17.12 cm (6.74 inch) HD Display108MP + 2MP | 8MP Front Camera5000 mAh BatteryT612 Processor1 Year Manufacturer Warranty for Phone and 6 Months Warranty for In the Box Accessories
194,"Infinix Smart 7 HD (Silk Blue, 64 GB)","₹5,999","2 GB RAM | 64 GB ROM | Expandable Upto 1 TB16.76 cm (6.6 inch) HD+ Display8MP + AI Lens | 5MP Front Camera5000 mAh BatterySpreadtrum 
SC9863A1 Processor1 Year on Handset and 6 Months on Accessories"
195,"Infinix Smart 7 HD (Jade White, 64 GB)","₹5,999",2 GB RAM | 64 GB ROM | Expandable Upto 1 TB16.76 cm (6.6 inch) HD+ Display8MP + AI Lens | 5MP Front Camera5000 mAh BatterySpreadtrum SC9863A1 Processor1 Year on Handset and 6 Months on Accessories
196,"Infinix Smart 7 HD (Ink Black, 64 GB)","₹5,999","2 GB RAM | 64 GB ROM | Expandable Upto 1 TB16.76 cm (6.6 inch) HD+ Display8MP + AI Lens | 5MP Front Camera5000 mAh BatterySpreadtrum 
SC9863A1 Processor1 Year on Handset and 6 Months on Accessories"
197,"Infinix Smart 7 HD (Green Apple, 64 GB)","₹5,999","2 GB RAM | 64 GB ROM | Expandable Upto 1 TB16.76 cm (6.6 inch) HD+ Display8MP + AI Lens | 5MP Front Camera5000 mAh BatterySpreadtrum 
SC9863A1 Processor1 Year on Handset and 6 Months on Accessories"
198,"realme C53 (Champion Gold, 64 GB)","₹9,999",6 GB RAM | 64 GB ROM | Expandable Upto 2 TB17.12 cm (6.74 inch) HD Display108MP + 2MP | 8MP Front Camera5000 mAh BatteryT612 Processor1 Year Manufacturer Warranty for Phone and 6 Months Warranty for In the Box Accessories
199,"POCO M6 Pro 5G (Forest Green, 256 GB)","₹14,999",8 GB RAM | 256 GB ROM | Expandable Upto 1 TB17.25 cm (6.79 inch) Full HD+ Display50MP + 2MP | 8MP Front Camera5000 mAh BatterySnapdragon 4 Gen 2 Processor1 Year Manufacturer Warranty for Phone and 6 Months Warranty for In the Box Accessories
200,"realme C53 (Champion Gold, 128 GB)","₹9,999",4 GB RAM | 128 GB ROM | Expandable Upto 2 TB17.12 cm (6.74 inch) HD Display108MP + 2MP | 8MP Front Camera5000 mAh BatteryT612 Processor1 Year Manufacturer Warranty for Phone and 6 Months Warranty for In the Box Accessories
201,"vivo T2 5G (Velocity Wave, 128 GB)","₹18,999",8 GB RAM | 128 GB ROM16.21 cm (6.38 inch) Full HD+ Display64 MP (OIS) + 2MP | 16MP Front Camera4500 mAh BatterySnapdragon 695 Processor1 Year of Device & 6 Months for Inbox Accessories
202,"MOTOROLA g14 (Sky Blue, 128 GB)","₹8,499",4 GB RAM | 128 GB ROM | Expandable Upto 1 TB16.51 cm (6.5 inch) Full HD+ Display50MP + 2MP | 8MP Front Camera5000 mAh BatteryT616 ProcessorImmersive Stereo Speakers with Dolby Atmos1 Year on Handset and 6 Months on Accessories
203,"OPPO Reno10 5G (Ice Blue, 256 GB)","₹32,999",8 GB RAM | 256 GB ROM17.02 cm (6.7 inch) Full HD+ Display64MP + 32MP + 8MP | 32MP Front Camera5000 mAh BatteryMediatek Dimensity 7050 Processor1 Year Manufacturer Warranty for Phone and 6 Months Warranty for In the Box Accessories
204,"REDMI 12 (Jade Black, 128 GB)","₹10,999",6 GB RAM | 128 GB ROM | Expandable Upto 1 TB17.25 cm (6.79 inch) Full HD+ Display50MP + 8MP + 2MP | 8MP Front Camera5000 mAh BatteryHelio G88 Processor1 Year Manufacturer Warranty for Phone and 6 Months Warranty for in the Box Accessories
205,"POCO M6 Pro 5G (Power Black, 128 GB)","₹12,999",6 GB RAM | 128 GB ROM | Expandable Upto 1 TB17.25 cm (6.79 inch) Full HD+ Display50MP + 2MP | 8MP Front Camera5000 mAh BatterySnapdragon 4 Gen 2 Processor1 Year Manufacturer Warranty for Phone and 6 Months Warranty for In the Box Accessories
206,"POCO M6 Pro 5G (Power Black, 256 GB)","₹14,999",8 GB RAM | 256 GB ROM | Expandable Upto 1 TB17.25 cm (6.79 inch) Full HD+ Display50MP + 2MP | 8MP Front Camera5000 mAh BatterySnapdragon 4 Gen 2 Processor1 Year Manufacturer Warranty for Phone and 6 Months Warranty for In the Box Accessories
207,"vivo T2 5G (Nitro Blaze, 128 GB)","₹16,999",6 GB RAM | 128 GB ROM16.21 cm (6.38 inch) Full HD+ Display64 MP (OIS) + 2MP | 16MP Front Camera4500 mAh BatterySnapdragon 695 Processor1 Year of Device & 6 Months for Inbox Accessories
208,"vivo T2 5G (Velocity Wave, 128 GB)","₹16,999",6 GB RAM | 128 GB ROM16.21 cm (6.38 inch) Full HD+ Display64 MP (OIS) + 2MP | 16MP Front Camera4500 mAh BatterySnapdragon 695 Processor1 Year of Device & 6 Months for Inbox Accessories
209,"realme C51 (Carbon Black, 64 GB)","₹8,999",4 GB RAM | 64 GB ROM | Expandable Upto 2 TB17.12 cm (6.74 inch) HD Display50MP + 0.08MP | 5MP Front Camera5000 mAh BatteryT612 Processor1 Year Manufacturer Warranty for Phone and 6 Months Warranty for In the Box Accessories
210,"realme C51 (Mint Green, 64 GB)","₹8,999",4 GB RAM | 64 GB ROM | Expandable Upto 2 TB17.12 cm (6.74 inch) HD Display50MP + 0.08MP | 5MP Front Camera5000 mAh BatteryT612 Processor1 Year Manufacturer Warranty for Phone and 6 Months Warranty for In the Box Accessories
211,"OnePlus 10R 5G (Sierra Black, 256 GB)","₹36,990",12 GB RAM | 256 GB ROM17.02 cm (6.7 inch) Display50MP Rear Camera4500 mAh Battery1 Year Manufacturer Warranty for Handset and 6 Months Warranty for In the Box Accessories
212,"OnePlus 9RT 5G (Nano Silver, 128 GB)","₹39,999",8 GB RAM | 128 GB ROM16.81 cm (6.62 inch) Display50MP Rear Camera4500 mAh Battery12 months
213,"OnePlus 7 Pro (Mirror Grey, 256 GB)","₹39,900",8 GB RAM | 256 GB ROM16.94 cm (6.67 inch) Display48 MP + 8 MP + 16 MP | 16MP Front Camera4000 mAh Battery1 year manufacturer warranty for device and 6 months manufacturer warranty for in-box accessories including batteries from the date of purchase
214,"REDMI 12C (Royal Blue, 64 GB)","₹6,799",4 GB RAM | 64 GB ROM | Expandable Upto 1 TB17.04 cm (6.71 inch) HD+ Display50MP Rear Camera | 5MP Front Camera5000 mAh BatteryHelio G85 Processor1 Year Manufacturer Warranty for Phone and 6 Months Warranty for In the Box Accessories
215,"Infinix Note 30 5G (Interstellar Blue, 128 GB)","₹14,499",4 GB RAM | 128 GB ROM | Expandable Upto 2 TB17.22 cm (6.78 inch) Full HD+ Display108 MP + 2 MP+ AI Lens | 16MP Front Camera5000 mAh Li-ion Polymer BatteryDimensity 6080 Processor1 Year on Handset and 6 Months on Accessories
216,"realme C51 (Carbon Black, 64 GB)","₹8,999",4 GB RAM | 64 GB ROM | Expandable Upto 2 TB17.12 cm (6.74 inch) HD Display50MP + 0.08MP | 5MP Front Camera5000 mAh BatteryT612 Processor1 Year Manufacturer Warranty for Phone and 6 Months Warranty for In the Box Accessories
217,"realme C51 (Mint Green, 64 GB)","₹8,999",4 GB RAM | 64 GB ROM | Expandable Upto 2 TB17.12 cm (6.74 inch) HD Display50MP + 0.08MP | 5MP Front Camera5000 mAh BatteryT612 Processor1 Year Manufacturer Warranty for Phone and 6 Months Warranty for In the Box Accessories
218,"MOTOROLA g14 (Pale Lilac, 128 GB)","₹8,499",4 GB RAM | 128 GB ROM | Expandable Upto 1 TB16.51 cm (6.5 inch) Full HD+ Display50MP + 2MP | 8MP Front Camera5000 mAh BatteryT616 ProcessorImmersive Stereo Speakers with Dolby Atmos1 Year on Handset and 6 Months on Accessories
219,"MOTOROLA g54 5G (Pearl Blue, 128 GB)","₹14,999",8 GB RAM | 128 GB ROM | Expandable Upto 1 TB16.51 cm (6.5 inch) Full HD+ Display50MP (OIS) + 8MP | 16MP Front Camera6000 mAh BatteryDimensity 7020 Processor1 Year on Handset and 6 Months on Accessories
220,"POCO X5 Pro 5G (Astral Black, 128 GB)","₹18,999",6 GB RAM | 128 GB ROM16.94 cm (6.67 inch) Full HD+ Display108MP + 8MP + 2MP | 16MP Front Camera5000 mAh BatteryQualcomm Snapdragon 778G Processor1 Year Manufacturer Warranty for Phone and 6 Months Warranty for in the Box Accessories
221,"POCO C51 (Royal Blue, 128 GB)","₹6,999",6 GB RAM | 128 GB ROM | Expandable Upto 1 TB16.56 cm (6.52 inch) HD+ Display8MP Rear Camera | 5MP Front Camera5000 mAh Lithium Polymer BatteryHelio G36 Processor1 Year Manufacturer Warranty for Phone and 6 Months Warranty for In the Box Accessories
222,"vivo T2 5G (Nitro Blaze, 128 GB)","₹18,999",8 GB RAM | 128 GB ROM16.21 cm (6.38 inch) Full HD+ Display64 MP (OIS) + 2MP | 16MP Front Camera4500 mAh BatterySnapdragon 695 Processor1 Year of Device & 6 Months for Inbox Accessories
223,"SAMSUNG Galaxy F13 (Nightsky Green, 64 GB)","₹10,999",4 GB RAM | 64 GB ROM | Expandable Upto 1 TB16.76 cm (6.6 inch) Full HD+ Display50MP + 5MP + 2MP | 8MP Front Camera6000 mAh Lithium Ion BatteryExynos 850 Processor1 Year Warranty Provided By the Manufacturer from Date of Purchase
224,"Infinix HOT 30i (Marigold, 128 GB)","₹8,299",8 GB RAM | 128 GB ROM | Expandable Upto 1 TB16.76 cm (6.6 inch) HD+ Display50MP + AI Lens | 5MP Front Camera5000 mAh BatteryG37 Processor1 Year on Handset and 6 Months on Accessories
225,"REDMI Note 12 Pro 5G (Glacier Blue, 256 GB)","₹22,999",8 GB RAM | 256 GB ROM16.94 cm (6.67 inch) Full HD+ AMOLED Display50MP (OIS) + 8MP + 2MP | 16MP Front Camera5000 mAh Lithium Polymer BatteryMediatek Dimensity 1080 Processor1 Year Manufacturer Warranty for Phone and 6 Months Warranty for In the Box Accessories
226,"MOTOROLA g14 (Butter Cream, 128 GB)","₹8,499",4 GB RAM | 128 GB ROM | Expandable Upto 1 TB16.51 cm (6.5 inch) Full HD+ Display50MP + 2MP | 8MP Front Camera5000 mAh BatteryT616 ProcessorImmersive Stereo Speakers with Dolby Atmos1 Year on Handset and 6 Months on Accessories
227,"SAMSUNG Galaxy F13 (Sunrise Copper, 64 GB)","₹10,999",4 GB RAM | 64 GB ROM | Expandable Upto 1 TB16.76 cm (6.6 inch) Full HD+ Display50MP + 5MP + 2MP | 8MP Front Camera6000 mAh Lithium Ion BatteryExynos 850 Processor1 Year Warranty Provided By the Manufacturer from Date of Purchase
228,"OnePlus Nord CE 3 Lite 5G (Chromatic Gray, 256 GB)","₹21,805","8 GB RAM | 256 GB ROM17.07 cm (6.72 inch) Display108MP Rear Camera5000 mAh Battery1 Year for  handset ,6 months fro accessories"
229,"MOTOROLA G32 (Mineral Gray, 128 GB)","₹10,999",8 GB RAM | 128 GB ROM16.51 cm (6.5 inch) Full HD+ Display50MP + 8MP + 2MP | 16MP Front Camera5000 mAh Lithium Polymer BatteryQualcomm Snapdragon 680 Processor1 Year on Handset and 6 Months on Accessories
230,"Nokia 105 Single SIM, Keypad Mobile Phone with Wireless FM Radio","₹1,299",32 MB RAM | 32 MB ROM4.5 cm (1.77 inch) Display0MP | 0MP Front Camera1000 mAh BatterySC6531E Processor1 Year Replacement Warranty for Device and 6 Months Manufacturer Warranty for Inbox Accessories Including Battery from the Date of Purchase
231,"Nokia 105 Single SIM, Keypad Mobile Phone with Wireless FM Radio","₹1,299",32 MB RAM | 32 MB ROM4.5 cm (1.77 inch) Display0MP | 0MP Front Camera1000 mAh BatterySC6531E Processor1 Year Replacement Warranty for Device and 6 Months Manufacturer Warranty for Inbox Accessories Including Battery from the Date of Purchase
232,"Nokia 105 Single SIM, Keypad Mobile Phone with Wireless FM Radio","₹1,299",32 MB RAM | 32 MB ROM4.5 cm (1.77 inch) Display0MP | 0MP Front Camera1000 mAh BatterySC6531E Processor1 Year Replacement Warranty for Device and 6 Months Manufacturer Warranty for Inbox Accessories Including Battery from the Date of Purchase
233,"OnePlus Nord CE 3 Lite 5G (Pastel lime, 256 GB)","₹21,783","8 GB RAM | 256 GB ROM17.07 cm (6.72 inch) Display108MP Rear Camera5000 mAh Battery1 Year for  handset ,6 months fro accessories"
234,"POCO M5 (Power Black, 128 GB)","₹8,999","6 GB RAM | 128 GB ROM | Expandable Upto 512 GB16.71 cm (6.58 inch) Full HD+ Display50MP + 2MP Depth Sensor + 2MP Macro Sensor | 8MP Front Camera5000 mAh Lithium-ion Polymer BatteryMediatek Helio G99 Processor1 Year for Handset, 6 Months for Accessories"
235,"REDMI A2 (Sea Green, 64 GB)","₹5,967",2 GB RAM | 64 GB ROM16.56 cm (6.52 inch) Display8MP Rear Camera5000 mAh Battery2 year on phone domestic
236,"MOTOROLA g84 5G (Marshmallow Blue, 256 GB)","₹18,999",12 GB RAM | 256 GB ROM16.64 cm (6.55 inch) Full HD+ Display50MP (OIS) + 8MP | 16MP Front Camera5000 mAh BatterySnapdragon 695 Processor1 Year on Handset and 6 Months on Accessories
237,"APPLE iPhone 14 (Starlight, 128 GB)","₹61,999","128 GB ROM15.49 cm (6.1 inch) Super Retina XDR Display12MP + 12MP | 12MP Front CameraA15 Bionic Chip, 6 Core Processor Processor1 Year Warranty for Phone and 6 Months Warranty for In-Box Accessories"
238,"MOTOROLA Edge 40 Neo (Soothing Sea, 128 GB)","₹22,999",8 GB RAM | 128 GB ROM16.64 cm (6.55 inch) Full HD+ Display50MP + 13MP | 32MP Front Camera5000 mAh BatteryDimensity 7030 Processor1 Year on Handset and 6 Months on Accessories
239,"OnePlus Nord CE 3 Lite 5G (Pastel Lime, 128 GB)","₹19,866",8 GB RAM | 128 GB ROM17.07 cm (6.72 inch) Display108MP Rear Camera5000 mAh BatteryDomestic Warranty of 12 months on phone & 6 months on accessories
